Input Size,k,Hybrid Merge Sort Time,Merge Sort Time,Insertion Sort Time
1,0,1.32500000000757e-07,1.2083000000107092e-07,1.1749999999977056e-07
1,10,2.1292000000006083e-07,1.2083000000107092e-07,1.1749999999977056e-07
1,20,2.062499999999634e-07,1.2083000000107092e-07,1.1749999999977056e-07
1,30,2.0958000000015353e-07,1.2083000000107092e-07,1.1749999999977056e-07
1,40,2.08339999999696e-07,1.2083000000107092e-07,1.1749999999977056e-07
1,50,2.1375000000101175e-07,1.2083000000107092e-07,1.1749999999977056e-07
1,60,2.141600000005184e-07,1.2083000000107092e-07,1.1749999999977056e-07
1,70,2.1207999999939276e-07,1.2083000000107092e-07,1.1749999999977056e-07
1,80,2.1292000000006083e-07,1.2083000000107092e-07,1.1749999999977056e-07
1,90,2.1083000000032827e-07,1.2083000000107092e-07,1.1749999999977056e-07
1,100,1.795800000004011e-07,1.2083000000107092e-07,1.1749999999977056e-07
5,0,1.9504199999997862e-06,4.279580000000616e-06,8.933300000002475e-07
5,10,9.491600000000045e-07,4.279580000000616e-06,8.933300000002475e-07
5,20,9.524999999999118e-07,4.279580000000616e-06,8.933300000002475e-07
5,30,9.55410000000878e-07,4.279580000000616e-06,8.933300000002475e-07
5,40,9.5667000000077e-07,4.279580000000616e-06,8.933300000002475e-07
5,50,9.508300000005132e-07,4.279580000000616e-06,8.933300000002475e-07
5,60,9.554200000005952e-07,4.279580000000616e-06,8.933300000002475e-07
5,70,9.541699999993102e-07,4.279580000000616e-06,8.933300000002475e-07
5,80,9.508400000002304e-07,4.279580000000616e-06,8.933300000002475e-07
5,90,9.449999999999736e-07,4.279580000000616e-06,8.933300000002475e-07
5,100,9.454200000003077e-07,4.279580000000616e-06,8.933300000002475e-07
10,0,3.357079999999346e-06,9.5279199999998e-06,2.34207999999958e-06
10,10,2.439579999999886e-06,9.5279199999998e-06,2.34207999999958e-06
10,20,2.435000000000631e-06,9.5279199999998e-06,2.34207999999958e-06
10,30,2.431670000000441e-06,9.5279199999998e-06,2.34207999999958e-06
10,40,2.4258399999999013e-06,9.5279199999998e-06,2.34207999999958e-06
10,50,2.423750000000169e-06,9.5279199999998e-06,2.34207999999958e-06
10,60,2.42207999999966e-06,9.5279199999998e-06,2.34207999999958e-06
10,70,2.4362500000008057e-06,9.5279199999998e-06,2.34207999999958e-06
10,80,2.426249999999408e-06,9.5279199999998e-06,2.34207999999958e-06
10,90,2.610410000000174e-06,9.5279199999998e-06,2.34207999999958e-06
10,100,2.4379200000002042e-06,9.5279199999998e-06,2.34207999999958e-06
15,0,4.753330000000222e-06,1.528165999999942e-05,3.873329999999342e-06
15,10,4.669159999999284e-06,1.528165999999942e-05,3.873329999999342e-06
15,20,3.9545799999995965e-06,1.528165999999942e-05,3.873329999999342e-06
15,30,3.963750000000044e-06,1.528165999999942e-05,3.873329999999342e-06
15,40,3.960419999999853e-06,1.528165999999942e-05,3.873329999999342e-06
15,50,3.940420000000389e-06,1.528165999999942e-05,3.873329999999342e-06
15,60,4.048330000000488e-06,1.528165999999942e-05,3.873329999999342e-06
15,70,4.045409999999805e-06,1.528165999999942e-05,3.873329999999342e-06
15,80,4.00332999999975e-06,1.528165999999942e-05,3.873329999999342e-06
15,90,4.155409999999637e-06,1.528165999999942e-05,3.873329999999342e-06
15,100,3.987089999999416e-06,1.528165999999942e-05,3.873329999999342e-06
20,0,7.331659999999518e-06,2.1822080000000187e-05,6.535420000000069e-06
20,10,7.292500000000146e-06,2.1822080000000187e-05,6.535420000000069e-06
20,20,6.922080000000275e-06,2.1822080000000187e-05,6.535420000000069e-06
20,30,7.107080000000598e-06,2.1822080000000187e-05,6.535420000000069e-06
20,40,7.147079999999528e-06,2.1822080000000187e-05,6.535420000000069e-06
20,50,7.0770799999997356e-06,2.1822080000000187e-05,6.535420000000069e-06
20,60,6.611669999999625e-06,2.1822080000000187e-05,6.535420000000069e-06
20,70,6.562089999999632e-06,2.1822080000000187e-05,6.535420000000069e-06
20,80,6.557080000000326e-06,2.1822080000000187e-05,6.535420000000069e-06
20,90,6.545420000000357e-06,2.1822080000000187e-05,6.535420000000069e-06
20,100,6.5504199999999455e-06,2.1822080000000187e-05,6.535420000000069e-06
25,0,1.1022499999999714e-05,2.9630419999999714e-05,1.032959e-05
25,10,1.0499160000000396e-05,2.9630419999999714e-05,1.032959e-05
25,20,1.0587920000000305e-05,2.9630419999999714e-05,1.032959e-05
25,30,1.1176249999998999e-05,2.9630419999999714e-05,1.032959e-05
25,40,1.0890000000000067e-05,2.9630419999999714e-05,1.032959e-05
25,50,1.1081669999999377e-05,2.9630419999999714e-05,1.032959e-05
25,60,1.0978329999999925e-05,2.9630419999999714e-05,1.032959e-05
25,70,1.0857500000001075e-05,2.9630419999999714e-05,1.032959e-05
25,80,1.08512500000002e-05,2.9630419999999714e-05,1.032959e-05
25,90,1.101291999999976e-05,2.9630419999999714e-05,1.032959e-05
25,100,1.091249999999988e-05,2.9630419999999714e-05,1.032959e-05
30,0,1.355833000000084e-05,3.645416999999984e-05,1.6097500000000765e-05
30,10,1.3485409999999253e-05,3.645416999999984e-05,1.6097500000000765e-05
30,20,1.342666999999964e-05,3.645416999999984e-05,1.6097500000000765e-05
30,30,1.6301249999999267e-05,3.645416999999984e-05,1.6097500000000765e-05
30,40,1.6300000000000203e-05,3.645416999999984e-05,1.6097500000000765e-05
30,50,1.586708000000048e-05,3.645416999999984e-05,1.6097500000000765e-05
30,60,1.609208000000084e-05,3.645416999999984e-05,1.6097500000000765e-05
30,70,1.6267079999999767e-05,3.645416999999984e-05,1.6097500000000765e-05
30,80,1.6297499999999855e-05,3.645416999999984e-05,1.6097500000000765e-05
30,90,1.5946250000000718e-05,3.645416999999984e-05,1.6097500000000765e-05
30,100,1.5128340000000185e-05,3.645416999999984e-05,1.6097500000000765e-05
35,0,1.5445840000000156e-05,4.1515840000000416e-05,1.7352919999999992e-05
35,10,1.5422079999999337e-05,4.1515840000000416e-05,1.7352919999999992e-05
35,20,1.545291000000004e-05,4.1515840000000416e-05,1.7352919999999992e-05
35,30,1.5070830000000202e-05,4.1515840000000416e-05,1.7352919999999992e-05
35,40,1.735250000000077e-05,4.1515840000000416e-05,1.7352919999999992e-05
35,50,1.7156249999999983e-05,4.1515840000000416e-05,1.7352919999999992e-05
35,60,1.7473340000000448e-05,4.1515840000000416e-05,1.7352919999999992e-05
35,70,1.7213329999999914e-05,4.1515840000000416e-05,1.7352919999999992e-05
35,80,1.7207919999999712e-05,4.1515840000000416e-05,1.7352919999999992e-05
35,90,1.7204170000000296e-05,4.1515840000000416e-05,1.7352919999999992e-05
35,100,1.7077909999999585e-05,4.1515840000000416e-05,1.7352919999999992e-05
40,0,2.122583999999983e-05,4.8444589999999674e-05,2.9682500000000057e-05
40,10,2.0900830000000204e-05,4.8444589999999674e-05,2.9682500000000057e-05
40,20,2.1273749999999315e-05,4.8444589999999674e-05,2.9682500000000057e-05
40,30,2.1087499999999926e-05,4.8444589999999674e-05,2.9682500000000057e-05
40,40,2.9461669999999442e-05,4.8444589999999674e-05,2.9682500000000057e-05
40,50,2.9454590000000945e-05,4.8444589999999674e-05,2.9682500000000057e-05
40,60,2.964042e-05,4.8444589999999674e-05,2.9682500000000057e-05
40,70,2.9603750000000152e-05,4.8444589999999674e-05,2.9682500000000057e-05
40,80,2.9365000000000086e-05,4.8444589999999674e-05,2.9682500000000057e-05
40,90,2.946499999999963e-05,4.8444589999999674e-05,2.9682500000000057e-05
40,100,2.9277089999999452e-05,4.8444589999999674e-05,2.9682500000000057e-05
45,0,2.405457999999916e-05,5.509832999999964e-05,3.279541999999913e-05
45,10,2.4323750000000423e-05,5.509832999999964e-05,3.279541999999913e-05
45,20,2.4160420000000073e-05,5.509832999999964e-05,3.279541999999913e-05
45,30,2.421458000000043e-05,5.509832999999964e-05,3.279541999999913e-05
45,40,2.4484999999999644e-05,5.509832999999964e-05,3.279541999999913e-05
45,50,3.216125000000014e-05,5.509832999999964e-05,3.279541999999913e-05
45,60,3.232875000000024e-05,5.509832999999964e-05,3.279541999999913e-05
45,70,3.2328340000000735e-05,5.509832999999964e-05,3.279541999999913e-05
45,80,3.2426250000000544e-05,5.509832999999964e-05,3.279541999999913e-05
45,90,3.2511250000000215e-05,5.509832999999964e-05,3.279541999999913e-05
45,100,3.226583000000005e-05,5.509832999999964e-05,3.279541999999913e-05
50,0,3.2350409999999385e-05,6.148457999999968e-05,3.804542000000022e-05
50,10,3.2251250000000505e-05,6.148457999999968e-05,3.804542000000022e-05
50,20,3.193958999999968e-05,6.148457999999968e-05,3.804542000000022e-05
50,30,3.191541999999936e-05,6.148457999999968e-05,3.804542000000022e-05
50,40,3.1890829999999815e-05,6.148457999999968e-05,3.804542000000022e-05
50,50,3.811458999999906e-05,6.148457999999968e-05,3.804542000000022e-05
50,60,3.823582999999964e-05,6.148457999999968e-05,3.804542000000022e-05
50,70,3.829082999999955e-05,6.148457999999968e-05,3.804542000000022e-05
50,80,3.815082999999997e-05,6.148457999999968e-05,3.804542000000022e-05
50,90,3.833500000000045e-05,6.148457999999968e-05,3.804542000000022e-05
50,100,3.9702910000000145e-05,6.148457999999968e-05,3.804542000000022e-05
55,0,3.477208000000065e-05,6.867874999999968e-05,5.210082999999921e-05
55,10,3.5656250000000165e-05,6.867874999999968e-05,5.210082999999921e-05
55,20,3.492999999999968e-05,6.867874999999968e-05,5.210082999999921e-05
55,30,3.466542000000072e-05,6.867874999999968e-05,5.210082999999921e-05
55,40,3.483416999999989e-05,6.867874999999968e-05,5.210082999999921e-05
55,50,3.470124999999991e-05,6.867874999999968e-05,5.210082999999921e-05
55,60,5.0899580000000056e-05,6.867874999999968e-05,5.210082999999921e-05
55,70,5.097125000000035e-05,6.867874999999968e-05,5.210082999999921e-05
55,80,5.1782080000000175e-05,6.867874999999968e-05,5.210082999999921e-05
55,90,5.071207999999938e-05,6.867874999999968e-05,5.210082999999921e-05
55,100,5.0759169999999856e-05,6.867874999999968e-05,5.210082999999921e-05
60,0,4.508334000000058e-05,7.560791999999927e-05,5.765125000000038e-05
60,10,4.345292000000001e-05,7.560791999999927e-05,5.765125000000038e-05
60,20,4.431458999999971e-05,7.560791999999927e-05,5.765125000000038e-05
60,30,4.2907080000000874e-05,7.560791999999927e-05,5.765125000000038e-05
60,40,4.395209000000011e-05,7.560791999999927e-05,5.765125000000038e-05
60,50,4.3553340000000994e-05,7.560791999999927e-05,5.765125000000038e-05
60,60,5.878250000000085e-05,7.560791999999927e-05,5.765125000000038e-05
60,70,5.908625000000001e-05,7.560791999999927e-05,5.765125000000038e-05
60,80,6.033291999999913e-05,7.560791999999927e-05,5.765125000000038e-05
60,90,5.761125000000034e-05,7.560791999999927e-05,5.765125000000038e-05
60,100,5.9812919999999715e-05,7.560791999999927e-05,5.765125000000038e-05
65,0,4.480499999999998e-05,8.427457999999999e-05,6.587290999999995e-05
65,10,4.56791599999995e-05,8.427457999999999e-05,6.587290999999995e-05
65,20,4.469292000000014e-05,8.427457999999999e-05,6.587290999999995e-05
65,30,4.4790829999999946e-05,8.427457999999999e-05,6.587290999999995e-05
65,40,4.57695800000002e-05,8.427457999999999e-05,6.587290999999995e-05
65,50,4.623125000000061e-05,8.427457999999999e-05,6.587290999999995e-05
65,60,4.8679160000000275e-05,8.427457999999999e-05,6.587290999999995e-05
65,70,6.517291999999953e-05,8.427457999999999e-05,6.587290999999995e-05
65,80,6.560542000000002e-05,8.427457999999999e-05,6.587290999999995e-05
65,90,6.40991599999996e-05,8.427457999999999e-05,6.587290999999995e-05
65,100,6.526458000000068e-05,8.427457999999999e-05,6.587290999999995e-05
70,0,4.987749999999958e-05,9.110750000000056e-05,7.910000000000084e-05
70,10,4.9595000000000056e-05,9.110750000000056e-05,7.910000000000084e-05
70,20,4.831583999999944e-05,9.110750000000056e-05,7.910000000000084e-05
70,30,4.886957999999941e-05,9.110750000000056e-05,7.910000000000084e-05
70,40,4.921541000000085e-05,9.110750000000056e-05,7.910000000000084e-05
70,50,4.931457999999944e-05,9.110750000000056e-05,7.910000000000084e-05
70,60,4.893749999999919e-05,9.110750000000056e-05,7.910000000000084e-05
70,70,7.99474999999994e-05,9.110750000000056e-05,7.910000000000084e-05
70,80,7.83520900000001e-05,9.110750000000056e-05,7.910000000000084e-05
70,90,7.932625000000027e-05,9.110750000000056e-05,7.910000000000084e-05
70,100,7.900833999999967e-05,9.110750000000056e-05,7.910000000000084e-05
75,0,5.540458000000026e-05,9.897625000000022e-05,8.469209000000033e-05
75,10,5.539957999999956e-05,9.897625000000022e-05,8.469209000000033e-05
75,20,5.506208999999984e-05,9.897625000000022e-05,8.469209000000033e-05
75,30,5.556875000000128e-05,9.897625000000022e-05,8.469209000000033e-05
75,40,5.5263340000000216e-05,9.897625000000022e-05,8.469209000000033e-05
75,50,5.512916999999895e-05,9.897625000000022e-05,8.469209000000033e-05
75,60,5.543540999999985e-05,9.897625000000022e-05,8.469209000000033e-05
75,70,5.513667e-05,9.897625000000022e-05,8.469209000000033e-05
75,80,8.466666999999984e-05,9.897625000000022e-05,8.469209000000033e-05
75,90,8.474875000000104e-05,9.897625000000022e-05,8.469209000000033e-05
75,100,8.529291999999967e-05,9.897625000000022e-05,8.469209000000033e-05
80,0,6.874625000000023e-05,0.00010543833000000058,0.00011225625000000017
80,10,6.802207999999866e-05,0.00010543833000000058,0.00011225625000000017
80,20,6.862166999999974e-05,0.00010543833000000058,0.00011225625000000017
80,30,6.830541000000024e-05,0.00010543833000000058,0.00011225625000000017
80,40,7.116458000000047e-05,0.00010543833000000058,0.00011225625000000017
80,50,7.011459000000108e-05,0.00010543833000000058,0.00011225625000000017
80,60,6.87170799999981e-05,0.00010543833000000058,0.00011225625000000017
80,70,7.24987499999985e-05,0.00010543833000000058,0.00011225625000000017
80,80,0.00011394582999999958,0.00010543833000000058,0.00011225625000000017
80,90,0.00011422041999999965,0.00010543833000000058,0.00011225625000000017
80,100,0.0001147545899999991,0.00010543833000000058,0.00011225625000000017
85,0,6.347791999999908e-05,0.00012017542000000158,0.00012233791000000106
85,10,6.298291999999872e-05,0.00012017542000000158,0.00012233791000000106
85,20,6.009208000000044e-05,0.00012017542000000158,0.00012233791000000106
85,30,6.196459000000098e-05,0.00012017542000000158,0.00012233791000000106
85,40,5.884583999999915e-05,0.00012017542000000158,0.00012233791000000106
85,50,5.994167000000106e-05,0.00012017542000000158,0.00012233791000000106
85,60,5.8067500000000826e-05,0.00012017542000000158,0.00012233791000000106
85,70,6.254417000000068e-05,0.00012017542000000158,0.00012233791000000106
85,80,5.8619170000000495e-05,0.00012017542000000158,0.00012233791000000106
85,90,0.00012484082999999924,0.00012017542000000158,0.00012233791000000106
85,100,0.00012566458999999864,0.00012017542000000158,0.00012233791000000106
90,0,6.465959000000021e-05,0.00012426958000000043,0.00013282624999999993
90,10,6.309582999999952e-05,0.00012426958000000043,0.00013282624999999993
90,20,6.36254100000011e-05,0.00012426958000000043,0.00013282624999999993
90,30,6.110249999999873e-05,0.00012426958000000043,0.00013282624999999993
90,40,6.395250000000185e-05,0.00012426958000000043,0.00013282624999999993
90,50,6.428416999999964e-05,0.00012426958000000043,0.00013282624999999993
90,60,6.063332999999949e-05,0.00012426958000000043,0.00013282624999999993
90,70,6.277624999999843e-05,0.00012426958000000043,0.00013282624999999993
90,80,6.247791000000058e-05,0.00012426958000000043,0.00013282624999999993
90,90,0.0001349320899999995,0.00012426958000000043,0.00013282624999999993
90,100,0.00013231707999999953,0.00012426958000000043,0.00013282624999999993
95,0,7.027084000000184e-05,0.00013247124999999916,0.00015673833000000138
95,10,6.703708000000086e-05,0.00013247124999999916,0.00015673833000000138
95,20,6.95920800000005e-05,0.00013247124999999916,0.00015673833000000138
95,30,6.991874999999981e-05,0.00013247124999999916,0.00015673833000000138
95,40,6.876542000000096e-05,0.00013247124999999916,0.00015673833000000138
95,50,6.957834000000052e-05,0.00013247124999999916,0.00015673833000000138
95,60,6.690207999999975e-05,0.00013247124999999916,0.00015673833000000138
95,70,7.020833000000115e-05,0.00013247124999999916,0.00015673833000000138
95,80,6.874792000000074e-05,0.00013247124999999916,0.00015673833000000138
95,90,6.91887499999999e-05,0.00013247124999999916,0.00015673833000000138
95,100,0.00015656333000000134,0.00013247124999999916,0.00015673833000000138
100,0,6.928416000000048e-05,0.00013935499999999878,0.00015711625000000006
100,10,6.870417000000017e-05,0.00013935499999999878,0.00015711625000000006
100,20,6.862915999999997e-05,0.00013935499999999878,0.00015711625000000006
100,30,6.850916999999957e-05,0.00013935499999999878,0.00015711625000000006
100,40,6.711750000000016e-05,0.00013935499999999878,0.00015711625000000006
100,50,6.965290999999985e-05,0.00013935499999999878,0.00015711625000000006
100,60,6.799959000000077e-05,0.00013935499999999878,0.00015711625000000006
100,70,6.920374999999979e-05,0.00013935499999999878,0.00015711625000000006
100,80,6.898749999999953e-05,0.00013935499999999878,0.00015711625000000006
100,90,6.677833000000133e-05,0.00013935499999999878,0.00015711625000000006
100,100,0.00016103750000000084,0.00013935499999999878,0.00015711625000000006
105,0,8.838624999999877e-05,0.00014690791999999897,0.0001884766700000018
105,10,8.486457999999919e-05,0.00014690791999999897,0.0001884766700000018
105,20,8.771792000000111e-05,0.00014690791999999897,0.0001884766700000018
105,30,8.518333000000044e-05,0.00014690791999999897,0.0001884766700000018
105,40,8.765624999999888e-05,0.00014690791999999897,0.0001884766700000018
105,50,8.785250000000078e-05,0.00014690791999999897,0.0001884766700000018
105,60,8.516624999999944e-05,0.00014690791999999897,0.0001884766700000018
105,70,8.505458000000132e-05,0.00014690791999999897,0.0001884766700000018
105,80,8.681916999999872e-05,0.00014690791999999897,0.0001884766700000018
105,90,8.65708300000012e-05,0.00014690791999999897,0.0001884766700000018
105,100,8.62970900000004e-05,0.00014690791999999897,0.0001884766700000018
110,0,8.174041999999825e-05,0.0001541508299999994,0.00018430291000000044
110,10,8.166292000000075e-05,0.0001541508299999994,0.00018430291000000044
110,20,8.165167000000029e-05,0.0001541508299999994,0.00018430291000000044
110,30,8.16608299999988e-05,0.0001541508299999994,0.00018430291000000044
110,40,8.131208e-05,0.0001541508299999994,0.00018430291000000044
110,50,8.13395799999994e-05,0.0001541508299999994,0.00018430291000000044
110,60,8.161540999999994e-05,0.0001541508299999994,0.00018430291000000044
110,70,8.235625000000191e-05,0.0001541508299999994,0.00018430291000000044
110,80,8.116707999999973e-05,0.0001541508299999994,0.00018430291000000044
110,90,8.180499999999923e-05,0.0001541508299999994,0.00018430291000000044
110,100,8.146959000000065e-05,0.0001541508299999994,0.00018430291000000044
115,0,9.358584000000114e-05,0.00016328249999999933,0.00023467374999999846
115,10,9.656749999999991e-05,0.00016328249999999933,0.00023467374999999846
115,20,9.309457999999938e-05,0.00016328249999999933,0.00023467374999999846
115,30,9.598165999999964e-05,0.00016328249999999933,0.00023467374999999846
115,40,9.316749999999984e-05,0.00016328249999999933,0.00023467374999999846
115,50,9.544500000000067e-05,0.00016328249999999933,0.00023467374999999846
115,60,9.538667000000167e-05,0.00016328249999999933,0.00023467374999999846
115,70,9.344666000000057e-05,0.00016328249999999933,0.00023467374999999846
115,80,9.783375000000039e-05,0.00016328249999999933,0.00023467374999999846
115,90,9.624833000000165e-05,0.00016328249999999933,0.00023467374999999846
115,100,9.646125000000172e-05,0.00016328249999999933,0.00023467374999999846
120,0,9.631166999999774e-05,0.00016936583000000117,0.00023178375000000085
120,10,9.42799999999977e-05,0.00016936583000000117,0.00023178375000000085
120,20,9.398000000000018e-05,0.00016936583000000117,0.00023178375000000085
120,30,9.650499999999784e-05,0.00016936583000000117,0.00023178375000000085
120,40,9.379833999999754e-05,0.00016936583000000117,0.00023178375000000085
120,50,9.414458000000181e-05,0.00016936583000000117,0.00023178375000000085
120,60,9.510665999999723e-05,0.00016936583000000117,0.00023178375000000085
120,70,9.616416999999711e-05,0.00016936583000000117,0.00023178375000000085
120,80,9.532167000000147e-05,0.00016936583000000117,0.00023178375000000085
120,90,9.382334000000103e-05,0.00016936583000000117,0.00023178375000000085
120,100,9.638625000000012e-05,0.00016936583000000117,0.00023178375000000085
125,0,0.00010139708000000081,0.00017485375000000135,0.0002524012499999984
125,10,9.964624999999838e-05,0.00017485375000000135,0.0002524012499999984
125,20,0.0001066595899999978,0.00017485375000000135,0.0002524012499999984
125,30,0.00010043332999999599,0.00017485375000000135,0.0002524012499999984
125,40,9.94512500000022e-05,0.00017485375000000135,0.0002524012499999984
125,50,9.993790999999863e-05,0.00017485375000000135,0.0002524012499999984
125,60,9.958375000000074e-05,0.00017485375000000135,0.0002524012499999984
125,70,9.961333000000128e-05,0.00017485375000000135,0.0002524012499999984
125,80,9.950374999999845e-05,0.00017485375000000135,0.0002524012499999984
125,90,9.903749999999878e-05,0.00017485375000000135,0.0002524012499999984
125,100,9.941874999999989e-05,0.00017485375000000135,0.0002524012499999984
130,0,0.00011005500000000002,0.00018147667000000033,0.0002633399999999986
130,10,0.00010986375000000325,0.00018147667000000033,0.0002633399999999986
130,20,0.00011052209000000256,0.00018147667000000033,0.0002633399999999986
130,30,0.00011581624999999818,0.00018147667000000033,0.0002633399999999986
130,40,0.0001107641699999995,0.00018147667000000033,0.0002633399999999986
130,50,0.00011044249999999866,0.00018147667000000033,0.0002633399999999986
130,60,0.00011013000000000162,0.00018147667000000033,0.0002633399999999986
130,70,0.00011129374999999885,0.00018147667000000033,0.0002633399999999986
130,80,0.00011036708000000228,0.00018147667000000033,0.0002633399999999986
130,90,0.00011069540999999905,0.00018147667000000033,0.0002633399999999986
130,100,0.00011074290999999902,0.00018147667000000033,0.0002633399999999986
135,0,0.00011787459000000223,0.00019285958999999851,0.0002885250000000017
135,10,0.00011842249999999944,0.00019285958999999851,0.0002885250000000017
135,20,0.0001202879099999965,0.00019285958999999851,0.0002885250000000017
135,30,0.0001253424999999986,0.00019285958999999851,0.0002885250000000017
135,40,0.00012007166999999707,0.00019285958999999851,0.0002885250000000017
135,50,0.00012108709000000051,0.00019285958999999851,0.0002885250000000017
135,60,0.00012187500000000018,0.00019285958999999851,0.0002885250000000017
135,70,0.00012108165999999976,0.00019285958999999851,0.0002885250000000017
135,80,0.0001204529100000018,0.00019285958999999851,0.0002885250000000017
135,90,0.00012030124999999892,0.00019285958999999851,0.0002885250000000017
135,100,0.00012228166999999956,0.00019285958999999851,0.0002885250000000017
140,0,0.00012667208999999957,0.00020643666000000227,0.0003106175000000011
140,10,0.00012509957999999876,0.00020643666000000227,0.0003106175000000011
140,20,0.0001247941699999977,0.00020643666000000227,0.0003106175000000011
140,30,0.00012436375000000056,0.00020643666000000227,0.0003106175000000011
140,40,0.0001236808300000014,0.00020643666000000227,0.0003106175000000011
140,50,0.00012447707999999836,0.00020643666000000227,0.0003106175000000011
140,60,0.00012356749999999916,0.00020643666000000227,0.0003106175000000011
140,70,0.00012398124999999817,0.00020643666000000227,0.0003106175000000011
140,80,0.0001245200000000013,0.00020643666000000227,0.0003106175000000011
140,90,0.00012363582999999956,0.00020643666000000227,0.0003106175000000011
140,100,0.00012386832999999875,0.00020643666000000227,0.0003106175000000011
145,0,0.00012512957999999852,0.00020677291000000152,0.0003383183300000026
145,10,0.0001284508399999984,0.00020677291000000152,0.0003383183300000026
145,20,0.00012582459000000325,0.00020677291000000152,0.0003383183300000026
145,30,0.00012593583999999768,0.00020677291000000152,0.0003383183300000026
145,40,0.00012527625000000153,0.00020677291000000152,0.0003383183300000026
145,50,0.00012592624999999914,0.00020677291000000152,0.0003383183300000026
145,60,0.00012540374999999937,0.00020677291000000152,0.0003383183300000026
145,70,0.00012556667000000133,0.00020677291000000152,0.0003383183300000026
145,80,0.0001257799999999998,0.00020677291000000152,0.0003383183300000026
145,90,0.00012520540999999774,0.00020677291000000152,0.0003383183300000026
145,100,0.0001254816699999983,0.00020677291000000152,0.0003383183300000026
150,0,0.00013488750000000048,0.00021521916000000196,0.00033398750000000364
150,10,0.00013499458000000076,0.00021521916000000196,0.00033398750000000364
150,20,0.00013518208999999893,0.00021521916000000196,0.00033398750000000364
150,30,0.000134923330000003,0.00021521916000000196,0.00033398750000000364
150,40,0.00013420083000000192,0.00021521916000000196,0.00033398750000000364
150,50,0.00013610083000000105,0.00021521916000000196,0.00033398750000000364
150,60,0.00013504332999999757,0.00021521916000000196,0.00033398750000000364
150,70,0.00013397290999999978,0.00021521916000000196,0.00033398750000000364
150,80,0.0001379266599999962,0.00021521916000000196,0.00033398750000000364
150,90,0.00013429083999999758,0.00021521916000000196,0.00033398750000000364
150,100,0.00013437208000000034,0.00021521916000000196,0.00033398750000000364
155,0,0.00015489875000000098,0.00022331499999999948,0.0003742495899999998
155,10,0.00015478291999999617,0.00022331499999999948,0.0003742495899999998
155,20,0.0001549716599999984,0.00022331499999999948,0.0003742495899999998
155,30,0.0001541070900000019,0.00022331499999999948,0.0003742495899999998
155,40,0.00015412459000000212,0.00022331499999999948,0.0003742495899999998
155,50,0.00015462666999999986,0.00022331499999999948,0.0003742495899999998
155,60,0.00015459832999999978,0.00022331499999999948,0.0003742495899999998
155,70,0.00015386500000000414,0.00022331499999999948,0.0003742495899999998
155,80,0.0001573358299999983,0.00022331499999999948,0.0003742495899999998
155,90,0.0001570399999999994,0.00022331499999999948,0.0003742495899999998
155,100,0.0001556512500000018,0.00022331499999999948,0.0003742495899999998
160,0,0.00015454083000000286,0.0002332375000000031,0.00039218792000000224
160,10,0.0001546529200000002,0.0002332375000000031,0.00039218792000000224
160,20,0.00015587625000000217,0.0002332375000000031,0.00039218792000000224
160,30,0.00015526625000000126,0.0002332375000000031,0.00039218792000000224
160,40,0.0001580833299999984,0.0002332375000000031,0.00039218792000000224
160,50,0.00015515666999999845,0.0002332375000000031,0.00039218792000000224
160,60,0.00015567207999999777,0.0002332375000000031,0.00039218792000000224
160,70,0.00015453208999999913,0.0002332375000000031,0.00039218792000000224
160,80,0.0001545629199999965,0.0002332375000000031,0.00039218792000000224
160,90,0.00015476666999999722,0.0002332375000000031,0.00039218792000000224
160,100,0.00015516166999999915,0.0002332375000000031,0.00039218792000000224
165,0,0.00013109958999999894,0.00023854457999999745,0.0004102437499999967
165,10,0.000130659999999998,0.00023854457999999745,0.0004102437499999967
165,20,0.00013070207999999806,0.00023854457999999745,0.0004102437499999967
165,30,0.0001306800000000008,0.00023854457999999745,0.0004102437499999967
165,40,0.0001306325000000008,0.00023854457999999745,0.0004102437499999967
165,50,0.00013041625000000058,0.00023854457999999745,0.0004102437499999967
165,60,0.00013044708000000237,0.00023854457999999745,0.0004102437499999967
165,70,0.00013027957999999895,0.00023854457999999745,0.0004102437499999967
165,80,0.00013044832999999922,0.00023854457999999745,0.0004102437499999967
165,90,0.00013049708000000047,0.00023854457999999745,0.0004102437499999967
165,100,0.0001303129099999989,0.00023854457999999745,0.0004102437499999967
170,0,0.00013446165999999593,0.00024497290999999423,0.0004153291700000006
170,10,0.0001346070800000021,0.00024497290999999423,0.0004153291700000006
170,20,0.00013472457999999854,0.00024497290999999423,0.0004153291700000006
170,30,0.00013472541999999698,0.00024497290999999423,0.0004153291700000006
170,40,0.00013507291999999892,0.00024497290999999423,0.0004153291700000006
170,50,0.00013427791999999882,0.00024497290999999423,0.0004153291700000006
170,60,0.00013437708000000549,0.00024497290999999423,0.0004153291700000006
170,70,0.00013464625000000118,0.00024497290999999423,0.0004153291700000006
170,80,0.00013459375000000052,0.00024497290999999423,0.0004153291700000006
170,90,0.00013734499999999982,0.00024497290999999423,0.0004153291700000006
170,100,0.00013691749999999558,0.00024497290999999423,0.0004153291700000006
175,0,0.00015232874999999703,0.00026027041999999946,0.0005129629199999996
175,10,0.0001477945799999958,0.00026027041999999946,0.0005129629199999996
175,20,0.00014754707999999894,0.00026027041999999946,0.0005129629199999996
175,30,0.00014836290999999945,0.00026027041999999946,0.0005129629199999996
175,40,0.00014495417000000012,0.00026027041999999946,0.0005129629199999996
175,50,0.00014594959000000074,0.00026027041999999946,0.0005129629199999996
175,60,0.00014471000000000346,0.00026027041999999946,0.0005129629199999996
175,70,0.000145780000000002,0.00026027041999999946,0.0005129629199999996
175,80,0.0001445974999999944,0.00026027041999999946,0.0005129629199999996
175,90,0.00014509749999999321,0.00026027041999999946,0.0005129629199999996
175,100,0.00014527000000000179,0.00026027041999999946,0.0005129629199999996
180,0,0.0001403604199999986,0.0002619591700000079,0.00047099334000000326
180,10,0.00014012667000000257,0.0002619591700000079,0.00047099334000000326
180,20,0.00014081124999999696,0.0002619591700000079,0.00047099334000000326
180,30,0.00014058291000000446,0.0002619591700000079,0.00047099334000000326
180,40,0.00014048625000000038,0.0002619591700000079,0.00047099334000000326
180,50,0.00014071833000000032,0.0002619591700000079,0.00047099334000000326
180,60,0.0001406974999999999,0.0002619591700000079,0.00047099334000000326
180,70,0.00014074875000000375,0.0002619591700000079,0.00047099334000000326
180,80,0.00014064834000000027,0.0002619591700000079,0.00047099334000000326
180,90,0.00014029833999999576,0.0002619591700000079,0.00047099334000000326
180,100,0.00014045874999999875,0.0002619591700000079,0.00047099334000000326
185,0,0.00015083583000000011,0.0002710712500000056,0.0005696724999999959
185,10,0.00015013042000000532,0.0002710712500000056,0.0005696724999999959
185,20,0.00015320832999999646,0.0002710712500000056,0.0005696724999999959
185,30,0.00015088415999999326,0.0002710712500000056,0.0005696724999999959
185,40,0.00015016582999999528,0.0002710712500000056,0.0005696724999999959
185,50,0.0001499775000000003,0.0002710712500000056,0.0005696724999999959
185,60,0.00014990250000000317,0.0002710712500000056,0.0005696724999999959
185,70,0.00014950583999999269,0.0002710712500000056,0.0005696724999999959
185,80,0.0001495820800000036,0.0002710712500000056,0.0005696724999999959
185,90,0.00014958624999999336,0.0002710712500000056,0.0005696724999999959
185,100,0.00014939666000000074,0.0002710712500000056,0.0005696724999999959
190,0,0.0001603949999999976,0.00027810249999999926,0.0005808016699999996
190,10,0.00016329665999999853,0.00027810249999999926,0.0005808016699999996
190,20,0.00016042917000000045,0.00027810249999999926,0.0005808016699999996
190,30,0.00015972125000000226,0.00027810249999999926,0.0005808016699999996
190,40,0.00016052791999999984,0.00027810249999999926,0.0005808016699999996
190,50,0.00015981457999999726,0.00027810249999999926,0.0005808016699999996
190,60,0.0001597620799999966,0.00027810249999999926,0.0005808016699999996
190,70,0.000160208750000006,0.00027810249999999926,0.0005808016699999996
190,80,0.00015978832999999248,0.00027810249999999926,0.0005808016699999996
190,90,0.00015968167000000478,0.00027810249999999926,0.0005808016699999996
190,100,0.0001599983299999952,0.00027810249999999926,0.0005808016699999996
195,0,0.00015981374999999966,0.00028601458999999885,0.0005670466699999999
195,10,0.00016534166999999657,0.00028601458999999885,0.0005670466699999999
195,20,0.00016117792000000186,0.00028601458999999885,0.0005670466699999999
195,30,0.00016055832999999352,0.00028601458999999885,0.0005670466699999999
195,40,0.00016165666000000022,0.00028601458999999885,0.0005670466699999999
195,50,0.00016056290999999945,0.00028601458999999885,0.0005670466699999999
195,60,0.00016049209000000176,0.00028601458999999885,0.0005670466699999999
195,70,0.00016052124999999863,0.00028601458999999885,0.0005670466699999999
195,80,0.000160790000000004,0.00028601458999999885,0.0005670466699999999
195,90,0.00016024291999999996,0.00028601458999999885,0.0005670466699999999
195,100,0.0001610000000000067,0.00028601458999999885,0.0005670466699999999
200,0,0.00017551375000000036,0.00029753416999999337,0.0006523662499999983
200,10,0.00017465084000000352,0.00029753416999999337,0.0006523662499999983
200,20,0.00017437958000000365,0.00029753416999999337,0.0006523662499999983
200,30,0.00017460958000000025,0.00029753416999999337,0.0006523662499999983
200,40,0.00017531249999999332,0.00029753416999999337,0.0006523662499999983
200,50,0.00017590584000000574,0.00029753416999999337,0.0006523662499999983
200,60,0.00017268291999999796,0.00029753416999999337,0.0006523662499999983
200,70,0.00017314791999999634,0.00029753416999999337,0.0006523662499999983
200,80,0.00017358167000000257,0.00029753416999999337,0.0006523662499999983
200,90,0.00017372458999999728,0.00029753416999999337,0.0006523662499999983
200,100,0.0001725641699999958,0.00029753416999999337,0.0006523662499999983
205,0,0.0001777670799999953,0.0003098558300000054,0.000608018329999993
205,10,0.00017658792000000646,0.0003098558300000054,0.000608018329999993
205,20,0.0001764370799999959,0.0003098558300000054,0.000608018329999993
205,30,0.00017796915999999995,0.0003098558300000054,0.000608018329999993
205,40,0.00017644583000000046,0.0003098558300000054,0.000608018329999993
205,50,0.00017671790999999716,0.0003098558300000054,0.000608018329999993
205,60,0.00017566417000000278,0.0003098558300000054,0.000608018329999993
205,70,0.0001761437499999996,0.0003098558300000054,0.000608018329999993
205,80,0.00018098541000000524,0.0003098558300000054,0.000608018329999993
205,90,0.00017683166000000304,0.0003098558300000054,0.000608018329999993
205,100,0.00017563082999999758,0.0003098558300000054,0.000608018329999993
210,0,0.00019174834000000197,0.00032008666000000297,0.0007120454200000026
210,10,0.00018552749999999562,0.00032008666000000297,0.0007120454200000026
210,20,0.00019455709000000708,0.00032008666000000297,0.0007120454200000026
210,30,0.00018782250000000112,0.00032008666000000297,0.0007120454200000026
210,40,0.00018196040999999497,0.00032008666000000297,0.0007120454200000026
210,50,0.0001803920800000025,0.00032008666000000297,0.0007120454200000026
210,60,0.00017966667000000492,0.00032008666000000297,0.0007120454200000026
210,70,0.0001785716599999976,0.00032008666000000297,0.0007120454200000026
210,80,0.00017958666000000178,0.00032008666000000297,0.0007120454200000026
210,90,0.00018260917000000097,0.00032008666000000297,0.0007120454200000026
210,100,0.00017966207999999816,0.00032008666000000297,0.0007120454200000026
215,0,0.0001942412499999957,0.0003221733300000018,0.0007211675000000018
215,10,0.00019315541999999299,0.0003221733300000018,0.0007211675000000018
215,20,0.00019301040999999408,0.0003221733300000018,0.0007211675000000018
215,30,0.0001924750000000053,0.0003221733300000018,0.0007211675000000018
215,40,0.00019261792,0.0003221733300000018,0.0007211675000000018
215,50,0.00019224417000000216,0.0003221733300000018,0.0007211675000000018
215,60,0.00019288334000000518,0.0003221733300000018,0.0007211675000000018
215,70,0.00019267665999999294,0.0003221733300000018,0.0007211675000000018
215,80,0.00019269999999999677,0.0003221733300000018,0.0007211675000000018
215,90,0.00019222083999999916,0.0003221733300000018,0.0007211675000000018
215,100,0.00019282707999999539,0.0003221733300000018,0.0007211675000000018
220,0,0.0001932479099999984,0.00032757292000000325,0.0007381724999999939
220,10,0.00019338334000000402,0.00032757292000000325,0.0007381724999999939
220,20,0.0001987579199999967,0.00032757292000000325,0.0007381724999999939
220,30,0.00019422000000000495,0.00032757292000000325,0.0007381724999999939
220,40,0.00019419874999999643,0.00032757292000000325,0.0007381724999999939
220,50,0.00019446250000000555,0.00032757292000000325,0.0007381724999999939
220,60,0.000193216249999999,0.00032757292000000325,0.0007381724999999939
220,70,0.0001935404099999971,0.00032757292000000325,0.0007381724999999939
220,80,0.00019299292000000357,0.00032757292000000325,0.0007381724999999939
220,90,0.0001933670799999998,0.00032757292000000325,0.0007381724999999939
220,100,0.00019351084000000186,0.00032757292000000325,0.0007381724999999939
225,0,0.0002099445799999966,0.0003376508400000056,0.0008146133400000011
225,10,0.00020963375000000007,0.0003376508400000056,0.0008146133400000011
225,20,0.00020938916000000417,0.0003376508400000056,0.0008146133400000011
225,30,0.00020899875000000457,0.0003376508400000056,0.0008146133400000011
225,40,0.00020936791999999648,0.0003376508400000056,0.0008146133400000011
225,50,0.00020995667000000217,0.0003376508400000056,0.0008146133400000011
225,60,0.00020992542000000113,0.0003376508400000056,0.0008146133400000011
225,70,0.0002102962499999972,0.0003376508400000056,0.0008146133400000011
225,80,0.0002098712500000044,0.0003376508400000056,0.0008146133400000011
225,90,0.00020999665999999807,0.0003376508400000056,0.0008146133400000011
225,100,0.00021538291999999792,0.0003376508400000056,0.0008146133400000011
230,0,0.00020586417000000522,0.0003429258300000004,0.0008130308299999989
230,10,0.00020603083000000132,0.0003429258300000004,0.0008130308299999989
230,20,0.0002065229100000021,0.0003429258300000004,0.0008130308299999989
230,30,0.00020617207999999997,0.0003429258300000004,0.0008130308299999989
230,40,0.00020559208999999966,0.0003429258300000004,0.0008130308299999989
230,50,0.00020596041999999316,0.0003429258300000004,0.0008130308299999989
230,60,0.00020618750000000574,0.0003429258300000004,0.0008130308299999989
230,70,0.00020582124999999786,0.0003429258300000004,0.0008130308299999989
230,80,0.00020630791000000314,0.0003429258300000004,0.0008130308299999989
230,90,0.00020596375000000221,0.0003429258300000004,0.0008130308299999989
230,100,0.00020579458000000273,0.0003429258300000004,0.0008130308299999989
235,0,0.00021865583999999494,0.0003501245899999983,0.000885267910000005
235,10,0.00022393917000000486,0.0003501245899999983,0.000885267910000005
235,20,0.00021975249999999668,0.0003501245899999983,0.000885267910000005
235,30,0.00021898584000000553,0.0003501245899999983,0.000885267910000005
235,40,0.0002186983299999934,0.0003501245899999983,0.000885267910000005
235,50,0.00021870750000000606,0.0003501245899999983,0.000885267910000005
235,60,0.00021841958999999634,0.0003501245899999983,0.000885267910000005
235,70,0.000218588749999995,0.0003501245899999983,0.000885267910000005
235,80,0.00021858583000000209,0.0003501245899999983,0.000885267910000005
235,90,0.0002180108299999972,0.0003501245899999983,0.000885267910000005
235,100,0.00021858583000000209,0.0003501245899999983,0.000885267910000005
240,0,0.0002188495800000112,0.00035847708000000364,0.0008352995799999974
240,10,0.00021905584000000644,0.00035847708000000364,0.0008352995799999974
240,20,0.0002189812499999988,0.00035847708000000364,0.0008352995799999974
240,30,0.0002187487499999996,0.00035847708000000364,0.0008352995799999974
240,40,0.00021902917000000244,0.00035847708000000364,0.0008352995799999974
240,50,0.0002188883300000022,0.00035847708000000364,0.0008352995799999974
240,60,0.0002200429100000001,0.00035847708000000364,0.0008352995799999974
240,70,0.00022288791999999446,0.00035847708000000364,0.0008352995799999974
240,80,0.00022044707999999247,0.00035847708000000364,0.0008352995799999974
240,90,0.00022019832999999877,0.00035847708000000364,0.0008352995799999974
240,100,0.0002196608300000058,0.00035847708000000364,0.0008352995799999974
245,0,0.00023691125000000924,0.0003681541699999968,0.0008530037499999921
245,10,0.00023658167000000673,0.0003681541699999968,0.0008530037499999921
245,20,0.00023639375000000128,0.0003681541699999968,0.0008530037499999921
245,30,0.00023600458000000657,0.0003681541699999968,0.0008530037499999921
245,40,0.00023642000000000606,0.0003681541699999968,0.0008530037499999921
245,50,0.0002360579199999968,0.0003681541699999968,0.0008530037499999921
245,60,0.00023610750000001345,0.0003681541699999968,0.0008530037499999921
245,70,0.00023638667000000168,0.0003681541699999968,0.0008530037499999921
245,80,0.000238832079999991,0.0003681541699999968,0.0008530037499999921
245,90,0.0002363954100000143,0.0003681541699999968,0.0008530037499999921
245,100,0.000236416669999997,0.0003681541699999968,0.0008530037499999921
250,0,0.0002379499999999979,0.00037637291000001125,0.000916892090000001
250,10,0.00023725624999999085,0.00037637291000001125,0.000916892090000001
250,20,0.00023732874999998543,0.00037637291000001125,0.000916892090000001
250,30,0.0002374012499999978,0.00037637291000001125,0.000916892090000001
250,40,0.00023715417000000016,0.00037637291000001125,0.000916892090000001
250,50,0.00023753291000000232,0.00037637291000001125,0.000916892090000001
250,60,0.00023753583000001298,0.00037637291000001125,0.000916892090000001
250,70,0.00023779499999999844,0.00037637291000001125,0.000916892090000001
250,80,0.00024022125000000116,0.00037637291000001125,0.000916892090000001
250,90,0.0002378512499999985,0.00037637291000001125,0.000916892090000001
250,100,0.00023747582999998683,0.00037637291000001125,0.000916892090000001
255,0,0.00022897625000000587,0.0003847699999999854,0.000960109169999992
255,10,0.00023198874999998508,0.0003847699999999854,0.000960109169999992
255,20,0.0002288266599999922,0.0003847699999999854,0.000960109169999992
255,30,0.00022896625000001336,0.0003847699999999854,0.000960109169999992
255,40,0.00022868708000000737,0.0003847699999999854,0.000960109169999992
255,50,0.00022852375000001146,0.0003847699999999854,0.000960109169999992
255,60,0.00022813083000000845,0.0003847699999999854,0.000960109169999992
255,70,0.0002280916700000013,0.0003847699999999854,0.000960109169999992
255,80,0.00022849750000000668,0.0003847699999999854,0.000960109169999992
255,90,0.00022891417000000302,0.0003847699999999854,0.000960109169999992
255,100,0.0002285616700000048,0.0003847699999999854,0.000960109169999992
260,0,0.00025273000000000325,0.0003945704100000036,0.001102491669999992
260,10,0.00025247124999999926,0.0003945704100000036,0.001102491669999992
260,20,0.00025226374999999025,0.0003945704100000036,0.001102491669999992
260,30,0.0002520012499999957,0.0003945704100000036,0.001102491669999992
260,40,0.00025205209000001005,0.0003945704100000036,0.001102491669999992
260,50,0.00025612999999999884,0.0003945704100000036,0.001102491669999992
260,60,0.0002548941699999929,0.0003945704100000036,0.001102491669999992
260,70,0.0002534779199999981,0.0003945704100000036,0.001102491669999992
260,80,0.00025330916999999787,0.0003945704100000036,0.001102491669999992
260,90,0.0002533704200000031,0.0003945704100000036,0.001102491669999992
260,100,0.00025270917000000284,0.0003945704100000036,0.001102491669999992
265,0,0.00025893333000000853,0.0004042695800000118,0.0010810670899999942
265,10,0.00025645750000000687,0.0004042695800000118,0.0010810670899999942
265,20,0.00025599249999999076,0.0004042695800000118,0.0010810670899999942
265,30,0.0002556545899999918,0.0004042695800000118,0.0010810670899999942
265,40,0.0002554191699999997,0.0004042695800000118,0.0010810670899999942
265,50,0.0002554991700000109,0.0004042695800000118,0.0010810670899999942
265,60,0.00025518708999999973,0.0004042695800000118,0.0010810670899999942
265,70,0.00026019415999998683,0.0004042695800000118,0.0010810670899999942
265,80,0.00025719708000000453,0.0004042695800000118,0.0010810670899999942
265,90,0.00025681040999998573,0.0004042695800000118,0.0010810670899999942
265,100,0.0002554604100000013,0.0004042695800000118,0.0010810670899999942
270,0,0.00027354250000000135,0.00041322041999999117,0.001084027919999997
270,10,0.0002745050000000049,0.00041322041999999117,0.001084027919999997
270,20,0.00027451624999999427,0.00041322041999999117,0.001084027919999997
270,30,0.0002734466699999949,0.00041322041999999117,0.001084027919999997
270,40,0.000273531250000012,0.00041322041999999117,0.001084027919999997
270,50,0.0002735212500000017,0.00041322041999999117,0.001084027919999997
270,60,0.00027459834000000073,0.00041322041999999117,0.001084027919999997
270,70,0.0002736429199999968,0.00041322041999999117,0.001084027919999997
270,80,0.00027408082999999197,0.00041322041999999117,0.001084027919999997
270,90,0.0002769937499999919,0.00041322041999999117,0.001084027919999997
270,100,0.0002778016699999952,0.00041322041999999117,0.001084027919999997
275,0,0.00029574084000000056,0.0004516437500000059,0.0012156137500000065
275,10,0.000290855410000006,0.0004516437500000059,0.0012156137500000065
275,20,0.0002829729199999953,0.0004516437500000059,0.0012156137500000065
275,30,0.00027735958000000947,0.0004516437500000059,0.0012156137500000065
275,40,0.00027997250000000307,0.0004516437500000059,0.0012156137500000065
275,50,0.0002763187500000086,0.0004516437500000059,0.0012156137500000065
275,60,0.0002758179100000113,0.0004516437500000059,0.0012156137500000065
275,70,0.0002764745800000057,0.0004516437500000059,0.0012156137500000065
275,80,0.00027600333000000533,0.0004516437500000059,0.0012156137500000065
275,90,0.00027600166999999234,0.0004516437500000059,0.0012156137500000065
275,100,0.00027840250000000567,0.0004516437500000059,0.0012156137500000065
280,0,0.0002809933300000012,0.0004303733299999912,0.0011472595800000108
280,10,0.00028244292000000114,0.0004303733299999912,0.0011472595800000108
280,20,0.00028593708000000716,0.0004303733299999912,0.0011472595800000108
280,30,0.00028366541000000465,0.0004303733299999912,0.0011472595800000108
280,40,0.0002854687499999997,0.0004303733299999912,0.0011472595800000108
280,50,0.0002848562500000007,0.0004303733299999912,0.0011472595800000108
280,60,0.00028683790999998847,0.0004303733299999912,0.0011472595800000108
280,70,0.0002843929199999984,0.0004303733299999912,0.0011472595800000108
280,80,0.000284858339999996,0.0004303733299999912,0.0011472595800000108
280,90,0.0002862391599999903,0.0004303733299999912,0.0011472595800000108
280,100,0.0002848625000000027,0.0004303733299999912,0.0011472595800000108
285,0,0.00029039250000000293,0.00044801958999999056,0.0012958354100000057
285,10,0.0002896816700000038,0.00044801958999999056,0.0012958354100000057
285,20,0.00028998084000001254,0.00044801958999999056,0.0012958354100000057
285,30,0.0002905908299999993,0.00044801958999999056,0.0012958354100000057
285,40,0.0002896525000000061,0.00044801958999999056,0.0012958354100000057
285,50,0.0002920299999999898,0.00044801958999999056,0.0012958354100000057
285,60,0.00029678957999999865,0.00044801958999999056,0.0012958354100000057
285,70,0.0002935920800000069,0.00044801958999999056,0.0012958354100000057
285,80,0.00030041707999998833,0.00044801958999999056,0.0012958354100000057
285,90,0.00032774749999999744,0.00044801958999999056,0.0012958354100000057
285,100,0.00033438832999999946,0.00044801958999999056,0.0012958354100000057
290,0,0.00029908500000001224,0.00045791124999999155,0.0013086579199999982
290,10,0.0003011274999999891,0.00045791124999999155,0.0013086579199999982
290,20,0.00029690708999998707,0.00045791124999999155,0.0013086579199999982
290,30,0.0002951941699999949,0.00045791124999999155,0.0013086579199999982
290,40,0.0002943062499999982,0.00045791124999999155,0.0013086579199999982
290,50,0.00029384333999999513,0.00045791124999999155,0.0013086579199999982
290,60,0.0002939962499999993,0.00045791124999999155,0.0013086579199999982
290,70,0.0002947200000000016,0.00045791124999999155,0.0013086579199999982
290,80,0.0002941333299999904,0.00045791124999999155,0.0013086579199999982
290,90,0.0002939662499999862,0.00045791124999999155,0.0013086579199999982
290,100,0.0002972104200000025,0.00045791124999999155,0.0013086579199999982
295,0,0.00035011958000000123,0.0004710012500000005,0.0015491791700000057
295,10,0.00038406375000000993,0.0004710012500000005,0.0015491791700000057
295,20,0.0003639249999999983,0.0004710012500000005,0.0015491791700000057
295,30,0.00031212083999999864,0.0004710012500000005,0.0015491791700000057
295,40,0.00031394875000000154,0.0004710012500000005,0.0015491791700000057
295,50,0.00031937291999998505,0.0004710012500000005,0.0015491791700000057
295,60,0.000308840840000002,0.0004710012500000005,0.0015491791700000057
295,70,0.00030939209000001354,0.0004710012500000005,0.0015491791700000057
295,80,0.00030916834000001004,0.0004710012500000005,0.0015491791700000057
295,90,0.00030883375000000156,0.0004710012500000005,0.0015491791700000057
295,100,0.00030762124999998973,0.0004710012500000005,0.0015491791700000057
300,0,0.00032234459000001436,0.0004951958299999859,0.0013206137499999927
300,10,0.0003133608299999935,0.0004951958299999859,0.0013206137499999927
300,20,0.0003146249999999995,0.0004951958299999859,0.0013206137499999927
300,30,0.00031327624999999415,0.0004951958299999859,0.0013206137499999927
300,40,0.00031216875000000143,0.0004951958299999859,0.0013206137499999927
300,50,0.00032149457999999245,0.0004951958299999859,0.0013206137499999927
300,60,0.000315986249999991,0.0004951958299999859,0.0013206137499999927
300,70,0.00032487500000000225,0.0004951958299999859,0.0013206137499999927
300,80,0.00031695708000000877,0.0004951958299999859,0.0013206137499999927
300,90,0.0003175658299999995,0.0004951958299999859,0.0013206137499999927
300,100,0.00032405457999999497,0.0004951958299999859,0.0013206137499999927
305,0,0.00033425082999999134,0.0005087058300000003,0.001418521669999997
305,10,0.00032836875000000985,0.0005087058300000003,0.001418521669999997
305,20,0.0003320108399999988,0.0005087058300000003,0.001418521669999997
305,30,0.00033450708000000163,0.0005087058300000003,0.001418521669999997
305,40,0.0003272529100000021,0.0005087058300000003,0.001418521669999997
305,50,0.0003258283300000109,0.0005087058300000003,0.001418521669999997
305,60,0.0003258754099999983,0.0005087058300000003,0.001418521669999997
305,70,0.00032580958000000493,0.0005087058300000003,0.001418521669999997
305,80,0.0003278733299999992,0.0005087058300000003,0.001418521669999997
305,90,0.0003294729199999935,0.0005087058300000003,0.001418521669999997
305,100,0.00032838875000001266,0.0005087058300000003,0.001418521669999997
310,0,0.0003241612499999924,0.0005044879200000096,0.001553683750000001
310,10,0.00032841458000000046,0.0005044879200000096,0.001553683750000001
310,20,0.00032237708000000255,0.0005044879200000096,0.001553683750000001
310,30,0.00032261667000000216,0.0005044879200000096,0.001553683750000001
310,40,0.00032224459000000037,0.0005044879200000096,0.001553683750000001
310,50,0.0003225633299999942,0.0005044879200000096,0.001553683750000001
310,60,0.00032218791000000025,0.0005044879200000096,0.001553683750000001
310,70,0.00032228875000001267,0.0005044879200000096,0.001553683750000001
310,80,0.00032344124999999835,0.0005044879200000096,0.001553683750000001
310,90,0.0003233729199999935,0.0005044879200000096,0.001553683750000001
310,100,0.00032293958000000343,0.0005044879200000096,0.001553683750000001
315,0,0.00033482540999999697,0.0005033779199999877,0.0014630129199999864
315,10,0.00033450124999999885,0.0005033779199999877,0.0014630129199999864
315,20,0.000334718340000002,0.0005033779199999877,0.0014630129199999864
315,30,0.00033496166999999135,0.0005033779199999877,0.0014630129199999864
315,40,0.00033446500000000156,0.0005033779199999877,0.0014630129199999864
315,50,0.0003364549999999866,0.0005033779199999877,0.0014630129199999864
315,60,0.00033613750000000665,0.0005033779199999877,0.0014630129199999864
315,70,0.0003363941699999984,0.0005033779199999877,0.0014630129199999864
315,80,0.0003352545800000151,0.0005033779199999877,0.0014630129199999864
315,90,0.00033442374999999915,0.0005033779199999877,0.0014630129199999864
315,100,0.0003344320799999956,0.0005033779199999877,0.0014630129199999864
320,0,0.0003476150000000011,0.0005253637499999897,0.0014684120899999976
320,10,0.000339780420000011,0.0005253637499999897,0.0014684120899999976
320,20,0.00033597125000000004,0.0005253637499999897,0.0014684120899999976
320,30,0.0003362254199999981,0.0005253637499999897,0.0014684120899999976
320,40,0.00033819417000000127,0.0005253637499999897,0.0014684120899999976
320,50,0.0003386795899999839,0.0005253637499999897,0.0014684120899999976
320,60,0.0003363195800000085,0.0005253637499999897,0.0014684120899999976
320,70,0.0003424337500000263,0.0005253637499999897,0.0014684120899999976
320,80,0.00034393334000000665,0.0005253637499999897,0.0014684120899999976
320,90,0.0003489504200000226,0.0005253637499999897,0.0014684120899999976
320,100,0.000345562500000014,0.0005253637499999897,0.0014684120899999976
325,0,0.00031643457999997794,0.0005137937499999978,0.0016302112500000022
325,10,0.00032088999999999143,0.0005137937499999978,0.0016302112500000022
325,20,0.0003283345800000248,0.0005137937499999978,0.0016302112500000022
325,30,0.00032516917000002365,0.0005137937499999978,0.0016302112500000022
325,40,0.0003272958299999829,0.0005137937499999978,0.0016302112500000022
325,50,0.00032750458999998957,0.0005137937499999978,0.0016302112500000022
325,60,0.0003411941699999943,0.0005137937499999978,0.0016302112500000022
325,70,0.00032461874999999195,0.0005137937499999978,0.0016302112500000022
325,80,0.00032455374999997846,0.0005137937499999978,0.0016302112500000022
325,90,0.0003253612500000003,0.0005137937499999978,0.0016302112500000022
325,100,0.00032358250000001475,0.0005137937499999978,0.0016302112500000022
330,0,0.0003152874999999966,0.000523706670000017,0.0016895195900000104
330,10,0.00031470667000000675,0.000523706670000017,0.0016895195900000104
330,20,0.00032779291999997186,0.000523706670000017,0.0016895195900000104
330,30,0.00032596083999997916,0.000523706670000017,0.0016895195900000104
330,40,0.00032410417000001247,0.000523706670000017,0.0016895195900000104
330,50,0.0003205191700000043,0.000523706670000017,0.0016895195900000104
330,60,0.0003178537500000189,0.000523706670000017,0.0016895195900000104
330,70,0.00031485207999999433,0.000523706670000017,0.0016895195900000104
330,80,0.00031497874999999456,0.000523706670000017,0.0016895195900000104
330,90,0.00031776000000000693,0.000523706670000017,0.0016895195900000104
330,100,0.0003143624999999872,0.000523706670000017,0.0016895195900000104
335,0,0.00031647833999997487,0.0005405766599999851,0.0018128245800000187
335,10,0.00031629250000001717,0.0005405766599999851,0.0018128245800000187
335,20,0.00031683375000000067,0.0005405766599999851,0.0018128245800000187
335,30,0.0003166266700000264,0.0005405766599999851,0.0018128245800000187
335,40,0.000327606249999981,0.0005405766599999851,0.0018128245800000187
335,50,0.0003361387500000035,0.0005405766599999851,0.0018128245800000187
335,60,0.0003217058300000275,0.0005405766599999851,0.0018128245800000187
335,70,0.0003206362500000282,0.0005405766599999851,0.0018128245800000187
335,80,0.0003201262500000013,0.0005405766599999851,0.0018128245800000187
335,90,0.00031663125000001456,0.0005405766599999851,0.0018128245800000187
335,100,0.00031652083000000887,0.0005405766599999851,0.0018128245800000187
340,0,0.00032280332999999216,0.0005416079099999748,0.0017435129100000068
340,10,0.00032139541999999467,0.0005416079099999748,0.0017435129100000068
340,20,0.000321475410000005,0.0005416079099999748,0.0017435129100000068
340,30,0.00032195749999999637,0.0005416079099999748,0.0017435129100000068
340,40,0.0003256691600000039,0.0005416079099999748,0.0017435129100000068
340,50,0.0003303449999999941,0.0005416079099999748,0.0017435129100000068
340,60,0.0003239837499999965,0.0005416079099999748,0.0017435129100000068
340,70,0.0003526833400000129,0.0005416079099999748,0.0017435129100000068
340,80,0.00032637250000000506,0.0005416079099999748,0.0017435129100000068
340,90,0.00032261958999999505,0.0005416079099999748,0.0017435129100000068
340,100,0.00032405457999999497,0.0005416079099999748,0.0017435129100000068
345,0,0.0003390641600000066,0.0005516179099999974,0.0018001441700000243
345,10,0.0003333808400000038,0.0005516179099999974,0.0018001441700000243
345,20,0.0003326837499999868,0.0005516179099999974,0.0018001441700000243
345,30,0.00033299291000002287,0.0005516179099999974,0.0018001441700000243
345,40,0.00033461500000001363,0.0005516179099999974,0.0018001441700000243
345,50,0.0003344845799999874,0.0005516179099999974,0.0018001441700000243
345,60,0.0003333612499999816,0.0005516179099999974,0.0018001441700000243
345,70,0.00033385000000002663,0.0005516179099999974,0.0018001441700000243
345,80,0.00033642333999999607,0.0005516179099999974,0.0018001441700000243
345,90,0.0003420166700000138,0.0005516179099999974,0.0018001441700000243
345,100,0.0003427604200000189,0.0005516179099999974,0.0018001441700000243
350,0,0.0003328545799999816,0.0005653124999999903,0.001841635420000003
350,10,0.000332957080000007,0.0005653124999999903,0.001841635420000003
350,20,0.0003321979200000058,0.0005653124999999903,0.001841635420000003
350,30,0.00033279374999999333,0.0005653124999999903,0.001841635420000003
350,40,0.00033313374999998757,0.0005653124999999903,0.001841635420000003
350,50,0.000333553749999993,0.0005653124999999903,0.001841635420000003
350,60,0.00033292541999998095,0.0005653124999999903,0.001841635420000003
350,70,0.00033177208000001457,0.0005653124999999903,0.001841635420000003
350,80,0.00033213124999999623,0.0005653124999999903,0.001841635420000003
350,90,0.0003342299999999909,0.0005653124999999903,0.001841635420000003
350,100,0.00033241625000002273,0.0005653124999999903,0.001841635420000003
